"RECORDING_SESSION_LABEL","TRIAL_LABEL"
1,66
1,67
1,68
1,71
1,74
1,79
1,80
1,82
1,110
1,111
2,62
2,64
2,67
2,70
2,74
2,75
2,76
2,77
2,78
2,81
2,88
2,91
2,98
2,100
2,104
2,108
2,118
3,63
3,66
3,67
3,68
3,69
3,73
3,74
3,75
3,80
3,82
3,84
3,87
3,90
3,95
3,97
3,99
3,105
3,107
3,109
3,110
3,114
3,120
4,67
4,74
4,77
4,79
4,80
4,82
4,85
4,93
4,95
4,105
4,107
4,108
4,109
4,110
4,112
4,114
4,116
5,61
5,63
5,64
5,66
5,68
5,69
5,72
5,74
5,76
5,79
5,81
5,82
5,85
5,87
5,89
5,90
5,91
5,92
5,95
5,96
5,97
5,98
5,101
5,103
5,104
5,106
5,108
5,109
5,111
5,113
5,115
5,118
5,119
6,61
6,64
6,65
6,66
6,67
6,68
6,69
6,70
6,71
6,74
6,76
6,77
6,78
6,79
6,81
6,82
6,83
6,85
6,87
6,90
6,91
6,95
6,98
6,104
6,105
6,109
6,111
6,113
6,116
6,117
7,77
7,86
7,108
7,112
7,120
8,62
8,63
8,64
8,65
8,66
8,67
8,68
8,71
8,72
8,75
8,76
8,77
8,78
8,79
8,81
8,82
8,83
8,84
8,85
8,86
8,88
8,94
8,95
8,98
8,103
8,106
8,107
8,110
8,112
8,114
8,117
9,61
9,62
9,63
9,65
9,67
9,68
9,69
9,73
9,75
9,76
9,78
9,79
9,80
9,83
9,84
9,88
9,91
9,94
9,98
9,101
9,102
9,106
9,110
9,112
9,116
10,69
10,70
10,74
10,76
10,78
10,82
10,86
10,88
10,99
10,105
11,61
11,62
11,63
11,64
11,65
11,66
11,67
11,68
11,70
11,71
11,72
11,73
11,74
11,76
11,77
11,78
11,80
11,83
11,85
11,86
11,88
11,89
11,91
11,95
11,96
11,100
11,110
11,115
11,116
11,119
12,62
12,64
12,71
12,77
12,78
12,83
12,108
13,61
13,62
13,69
13,74
13,76
13,79
13,83
13,99
13,100
13,102
13,103
13,113
14,64
14,66
14,67
14,71
14,75
14,77
14,80
14,82
14,84
14,86
14,87
14,90
14,91
14,92
14,93
14,98
14,99
14,106
14,107
14,108
14,110
14,111
14,116
15,61
15,70
15,76
15,80
15,85
15,87
15,88
15,92
15,95
15,99
15,100
15,101
15,105
15,117
16,61
16,63
16,64
16,67
16,68
16,69
16,72
16,73
16,75
16,78
16,80
16,81
16,85
16,87
16,89
16,92
16,93
16,94
16,95
16,96
16,101
16,102
16,104
16,105
16,106
16,109
16,110
16,112
16,116
16,117
16,119
17,63
17,66
17,69
17,70
17,71
17,72
17,73
17,75
17,78
17,79
17,87
17,88
17,90
17,91
17,93
17,95
17,98
17,112
17,115
17,116
17,118
17,119
17,120
18,63
18,72
18,86
19,62
19,65
19,67
19,73
19,74
19,75
19,79
19,82
19,87
19,93
19,95
19,98
19,101
19,102
19,103
19,105
19,107
19,109
19,110
19,111
19,112
19,113
19,114
19,118
19,120
20,66
20,67
20,73
20,74
20,76
20,78
20,82
20,85
20,86
20,88
20,89
20,90
20,92
20,93
20,95
20,96
20,99
20,100
20,101
20,103
20,105
20,106
20,107
20,108
20,109
20,110
20,111
20,113
20,114
20,115
20,116
20,117
20,120
21,61
21,63
21,64
21,65
21,66
21,67
21,68
21,69
21,70
21,71
21,72
21,73
21,74
21,75
21,76
21,77
21,78
21,79
21,80
21,81
21,82
21,83
21,84
21,85
21,87
21,88
21,89
21,90
21,91
21,92
21,94
21,95
21,96
21,97
21,98
21,99
21,101
21,102
21,103
21,104
21,105
21,106
21,107
21,108
21,109
21,110
21,111
21,113
21,114
21,115
21,116
21,117
21,118
21,120
22,67
22,68
22,87
22,89
22,93
22,97
22,101
22,105
22,106
22,114
23,64
23,65
23,66
23,69
23,73
23,75
23,76
23,78
23,80
23,85
23,86
23,89
23,91
23,94
23,96
23,98
23,100
23,101
23,103
23,106
23,108
23,109
23,112
23,113
23,115
23,118
23,119
24,89
24,91
24,94
24,95
24,96
24,97
24,98
24,99
24,100
24,101
24,106
24,107
24,108
24,109
24,113
24,114
24,115
24,116
24,119
24,120
25,79
25,81
25,85
25,87
25,94
25,102
25,104
25,106
25,109
25,111
25,113
25,115
25,119
26,71
26,84
26,94
26,96
26,98
26,99
26,103
26,106
26,113
26,116
27,61
27,63
27,65
27,66
27,67
27,70
27,75
27,77
27,79
27,82
27,87
27,88
27,93
27,95
27,96
27,102
27,105
27,107
27,110
27,111
27,117
27,119
28,61
28,65
28,80
28,98
29,61
29,62
29,63
29,64
29,65
29,66
29,67
29,68
29,69
29,70
29,71
29,72
29,73
29,75
29,77
29,78
29,79
29,80
29,81
29,82
29,84
29,85
29,87
29,88
29,89
29,90
29,91
29,92
29,93
29,94
29,95
29,96
29,97
29,98
29,99
29,100
29,101
29,102
29,103
29,104
29,106
29,107
29,108
29,109
29,110
29,111
29,112
29,114
29,115
29,116
29,117
29,120
30,61
30,67
30,68
30,71
30,73
30,77
30,79
30,88
30,89
30,98
30,101
30,102
30,104
30,110
31,61
31,63
31,66
31,69
31,70
31,80
31,82
31,85
31,86
31,90
31,105
31,106
31,107
31,108
32,62
32,64
32,65
32,66
32,67
32,68
32,69
32,71
32,75
32,77
32,78
32,80
32,81
32,82
32,91
32,95
32,98
32,99
32,101
32,106
32,108
32,109
32,117
33,61
33,62
33,63
33,64
33,65
33,66
33,67
33,68
33,69
33,71
33,72
33,73
33,74
33,75
33,76
33,77
33,78
33,79
33,80
33,81
33,82
33,83
33,84
33,85
33,86
33,88
33,90
33,91
33,92
33,94
33,97
33,98
33,99
33,100
33,102
33,103
33,104
33,105
33,108
33,110
33,111
33,112
33,113
33,116
33,117
33,118
33,119
33,120
34,62
34,63
34,64
34,65
34,66
34,67
34,68
34,70
34,71
34,73
34,75
34,76
34,77
34,78
34,79
34,80
34,81
34,88
34,89
34,90
34,91
34,93
34,95
34,97
34,99
34,102
34,103
34,105
34,108
34,109
34,110
34,112
34,113
34,115
34,120
35,63
35,75
35,77
35,79
35,80
35,81
35,85
35,86
35,87
35,91
35,94
35,96
35,97
35,99
35,101
35,106
35,108
35,109
35,115
35,116
35,117
36,61
36,64
36,67
36,68
36,70
36,71
36,72
36,74
36,75
36,76
36,77
36,79
36,82
36,85
36,86
36,87
36,88
36,90
36,91
36,93
36,95
36,97
36,98
36,99
36,101
36,103
36,105
36,106
36,107
36,108
36,112
36,113
36,116
36,120
37,61
37,62
37,68
37,71
37,73
37,79
37,85
37,87
37,90
37,103
37,107
37,111
37,113
37,114
37,117
37,118
37,119
37,120
38,61
38,63
38,65
38,66
38,67
38,69
38,70
38,74
38,75
38,84
38,87
38,89
38,90
38,91
38,93
38,94
38,95
38,96
38,97
38,100
38,104
38,105
38,106
38,107
38,108
38,110
38,111
38,112
38,113
38,115
38,116
38,117
38,118
38,119
38,120
39,61
39,64
39,65
39,66
39,67
39,68
39,69
39,70
39,71
39,72
39,73
39,74
39,75
39,76
39,78
39,80
39,81
39,83
39,84
39,85
39,86
39,87
39,88
39,91
39,92
39,93
39,94
39,95
39,97
39,99
39,100
39,101
39,102
39,104
39,105
39,106
39,107
39,111
39,114
39,115
39,116
39,117
39,119
39,120
40,61
40,64
40,71
40,78
40,80
40,81
40,82
40,83
40,84
40,89
40,92
40,93
40,94
40,98
40,100
40,102
40,104
40,105
40,106
40,107
40,108
40,109
40,110
40,111
40,112
40,113
40,114
40,120
